,cobraME_complex,type_of_match,gempro_area,pdb_metadata,mw_ratio_GP_to_ME,gene_stoich,Compartment,Reaction
0,ABC-35-CPLX,full_combination,512.782921097,"{'CCMA_ECOLI': '2', 'CCMB_ECOLI': '1', 'CCMC_ECOLI': '1', 'CCMD_ECOLI': '1', 'CCME_ECOLI': '1'}",1.11279368371,"{'b2197': 1, 'b2201': 2, 'b2200': 1, 'b2199': 1, 'b2198': 1}",['Inner_Membrane'],protein_b2197_Periplasm + protein_b2198_Inner_Membrane + protein_b2199_Inner_Membrane + protein_b2200_Inner_Membrane + 2.0 protein_b2201 --> ABC-35-CPLX
1,YHIP-MONOMER,full_coverage,1122.25420687,{'DTPB_ECOLI': 1},1.16266376188,{'b3496': 1},['Inner_Membrane'],protein_b3496_Inner_Membrane --> YHIP-MONOMER
2,CPLX0-7654,full_combination,1705.30435356,{'1fx8': '4'},1.05372623596,{'b3927': 4},['Inner_Membrane'],4.0 protein_b3927_Inner_Membrane --> CPLX0-7654
3,CPLX0-7655,full_coverage,4075.59185169,{'1mpm_bio1': 1},1.10016367673,{'b4036': 3},['Outer_Membrane'],3.0 protein_b4036_Outer_Membrane --> CPLX0-7655
4,CPLX0-7653,full_coverage,2300.92852371,{'2abm_bio1': 1},1.14817164582,{'b0875': 4},['Inner_Membrane'],4.0 protein_b0875_Inner_Membrane --> CPLX0-7653
5,ATPSYN-CPLX_mod_mg2,full_coverage,2517.30958105,{'5t4q': 1},1.1347065744,"{'b3734': 3, 'b3735': 1, 'b3736': 2, 'b3737': 10, 'b3731': 1, 'b3732': 3, 'b3733': 1, 'b3738': 1}",['Inner_Membrane'],mg2_c + protein_b3731_Inner_Membrane + 3.0 protein_b3732 + protein_b3733 + 3.0 protein_b3734 + protein_b3735 + 2.0 protein_b3736_Inner_Membrane + 10.0 protein_b3737_Inner_Membrane + protein_b3738_Inner_Membrane --> ATPSYN-CPLX_mod_mg2 + 0.024305 biomass
6,NARK-MONOMER,full_coverage,686.168765543,{'4jr9_bio1': 1},1.12053319491,{'b1223': 1},['Inner_Membrane'],protein_b1223_Inner_Membrane --> NARK-MONOMER
7,CODB-MONOMER,full_coverage,847.286318464,{'CODB_ECOLI': 1},1.17107625371,{'b0336': 1},['Inner_Membrane'],protein_b0336_Inner_Membrane --> CODB-MONOMER
8,GABP-MONOMER,full_coverage,1105.15447592,{'GABP_ECOLI': 1},1.16235913596,{'b2663': 1},['Inner_Membrane'],protein_b2663_Inner_Membrane --> GABP-MONOMER
9,NANT-MONOMER,full_coverage,1188.30412047,{'NANT_ECOLI': 1},1.16491021885,{'b3224': 1},['Inner_Membrane'],protein_b3224_Inner_Membrane --> NANT-MONOMER
10,GLPT-MONOMER,full_coverage,853.609617625,{'1pw4': 1},1.16005432653,{'b2240': 1},['Inner_Membrane'],protein_b2240_Inner_Membrane --> GLPT-MONOMER
11,YGFO-MONOMER,full_coverage,1170.30040015,{'XANQ_ECOLI': 1},1.16929483091,{'b2882': 1},['Inner_Membrane'],protein_b2882_Inner_Membrane --> YGFO-MONOMER
12,ABC-19-CPLX,full_combination,1069.50837548,"{'1amf_bio1': '1', 'MODC_ECOLI': '2', 'MODB_ECOLI': '2'}",1.14210855616,"{'b0764': 2, 'b0765': 2, 'b0763': 1}",['Inner_Membrane'],protein_b0763_Periplasm + 2.0 protein_b0764_Inner_Membrane + 2.0 protein_b0765 --> ABC-19-CPLX
13,TRKA-MONOMER_SAPD-MONOMER_TRKG-MONOMER,full_combination,1164.37451797,"{'TRKA_ECOLI': '1', 'TRKG_ECOLI': '1', 'SAPD_ECOLI': '1'}",1.1598143973,"{'b1291': 1, 'b1363': 1, 'b3290': 1}",['Inner_Membrane'],protein_b1291 + protein_b1363_Inner_Membrane + protein_b3290 --> TRKA-MONOMER_SAPD-MONOMER_TRKG-MONOMER
14,YADQ-MONOMER,full_coverage,1234.45337355,{'3nmo_bio1': 1},1.16736339108,{'b0155': 1},['Inner_Membrane'],protein_b0155_Inner_Membrane --> YADQ-MONOMER
15,FORMATEDEHYDROGN-CPLX_mod_bmocogdp,full_combination,924.149227581,"{'FDNG_ECOLI': '3', 'FDNI_ECOLI': '3', 'FDNH_ECOLI': '3'}",1.15959923405,"{'b1475': 3, 'b1474': 3, 'b1476': 3}",['Inner_Membrane'],bmocogdp_c + 3.0 protein_b1474_Periplasm + 3.0 protein_b1475_Inner_Membrane + 3.0 protein_b1476_Inner_Membrane --> FORMATEDEHYDROGN-CPLX_mod_bmocogdp + 1.584990204 biomass
16,ABC-3-CPLX,full_combination,994.9628466,"{'HISQ_ECOLI': '1', '1laf_bio1': '1', 'HISM_ECOLI': '1', '1b0u_bio1': '2'}",1.16122851177,"{'b2310': 1, 'b2308': 1, 'b2306': 2, 'b2307': 1}",['Inner_Membrane'],2.0 protein_b2306 + protein_b2307_Inner_Membrane + protein_b2308_Inner_Membrane + protein_b2310_Periplasm --> ABC-3-CPLX
17,YidC_MONOMER,full_coverage,320.699569459,{'5m5h_bio1': 1},0.291594502811,{'b3705': 1},['Inner_Membrane'],protein_b3705_Inner_Membrane --> YidC_MONOMER
18,GNTP-MONOMER,full_coverage,1093.56138052,{'GNTP_ECOLI': 1},1.16911868533,{'b4321': 1},['Inner_Membrane'],protein_b4321_Inner_Membrane --> GNTP-MONOMER
19,FUCP-MONOMER,full_coverage,766.721053689,{'3o7q_bio1': 1},1.16408856082,{'b2801': 1},['Inner_Membrane'],protein_b2801_Inner_Membrane --> FUCP-MONOMER
20,ABC-26-CPLX,full_combination,1698.68669238,"{'1r9l_bio1': '1', 'PROV_ECOLI': '2', 'PROW_ECOLI': '2'}",1.16424525117,"{'b2677': 2, 'b2678': 2, 'b2679': 1}",['Inner_Membrane'],2.0 protein_b2677 + 2.0 protein_b2678_Inner_Membrane + protein_b2679_Periplasm --> ABC-26-CPLX
21,FUMARATE-REDUCTASE_mod_1:pheme_mod_3fe4s_mod_4fe4s_mod_fad_mod_2fe2s,full_coverage,518.258853143,{'3cir_bio1': 1},1.13370153924,"{'b4154': 1, 'b4151': 1, 'b4153': 1, 'b4152': 1}",['Inner_Membrane'],2fe2s_c + 2.0 4fe4s_c + fad_c + 4.27350427350427e-6*mu generic_2fe2s_transfer_complex + 8.54700854700855e-6*mu generic_4fe4s_transfer_complex + pheme_c + protein_b4151_Inner_Membrane + protein_b4152_Inner_Membrane + protein_b4153 + protein_b4154 --> FUMARATE-REDUCTASE_mod_1:pheme_mod_3fe4s_mod_4fe4s_mod_fad_mod_2fe2s + 2.221260262 biomass + fe2_c
22,ARAE-MONOMER,full_coverage,795.199275215,{'ARAE_ECOLI': 1},1.16261075086,{'b2841': 1},['Inner_Membrane'],protein_b2841_Inner_Membrane --> ARAE-MONOMER
23,ABC-24-CPLX,full_combination,1212.9932287,"{'POTB_ECOLI': '1', 'POTC_ECOLI': '1', 'POTA_ECOLI': '2', '1pot_bio1': '1'}",1.15823998204,"{'b1126': 2, 'b1125': 1, 'b1124': 1, 'b1123': 1}",['Inner_Membrane'],protein_b1123_Periplasm + protein_b1124_Inner_Membrane + protein_b1125_Inner_Membrane + 2.0 protein_b1126 --> ABC-24-CPLX
24,PHOSPHAGLYPSYN-MONOMER_mod_mg2,full_coverage,122.616799341,{'PGSA_ECOLI': 1},1.15607768452,{'b1912': 1},['Inner_Membrane'],mg2_c + protein_b1912_Inner_Membrane --> PHOSPHAGLYPSYN-MONOMER_mod_mg2 + 0.024305 biomass
25,NUPC-MONOMER,full_coverage,887.220013094,{'NUPC_ECOLI': 1},1.1639447695,{'b2393': 1},['Inner_Membrane'],protein_b2393_Inner_Membrane --> NUPC-MONOMER
26,B2975-MONOMER,full_coverage,1157.33696918,{'GLCA_ECOLI': 1},1.16943684146,{'b2975': 1},['Inner_Membrane'],protein_b2975_Inner_Membrane --> B2975-MONOMER
27,ABC-14-CPLX,full_combination,994.9628466,"{'HISQ_ECOLI': '1', 'HISJ_ECOLI': '1', 'HISM_ECOLI': '1', '1b0u_bio1': '2'}",1.16065441045,"{'b2308': 1, 'b2309': 1, 'b2306': 2, 'b2307': 1}",['Inner_Membrane'],2.0 protein_b2306 + protein_b2307_Inner_Membrane + protein_b2308_Inner_Membrane + protein_b2309_Periplasm --> ABC-14-CPLX
28,B0511-MONOMER,full_coverage,1020.61568638,{'ALLP_ECOLI': 1},1.16439252288,{'b0511': 1},['Inner_Membrane'],protein_b0511_Inner_Membrane --> B0511-MONOMER
29,B2789-MONOMER,full_coverage,739.459256451,{'GUDP_ECOLI': 1},1.1630345995,{'b2789': 1},['Inner_Membrane'],protein_b2789_Inner_Membrane --> B2789-MONOMER
30,ABC-13-CPLX,full_combination,986.079263293,"{'GLTL_ECOLI': '1', 'GLTI_ECOLI': '1', 'GLTJ_ECOLI': '1', 'GLTK_ECOLI': '1'}",1.16015093046,"{'b0654': 1, 'b0655': 1, 'b0652': 1, 'b0653': 1}",['Inner_Membrane'],protein_b0652 + protein_b0653_Inner_Membrane + protein_b0654_Inner_Membrane + protein_b0655_Periplasm --> ABC-13-CPLX
31,CPLX0-1924,best_full_combination,3025.72176152,"{'5sv1_bio1': '1', '2gsk': '1'}",0.946034878191,"{'b3005': 1, 'b3006': 5, 'b3966': 1, 'b1252': 1}",['Trans_Complex_Both'],protein_b1252_Inner_Membrane + protein_b3005_Inner_Membrane + 5.0 protein_b3006_Inner_Membrane + protein_b3966_Outer_Membrane --> CPLX0-1924
32,SDAC-MONOMER,full_coverage,773.054693421,{'SDAC_ECOLI': 1},1.16288416675,{'b2796': 1},['Inner_Membrane'],protein_b2796_Inner_Membrane --> SDAC-MONOMER
33,YFEP-MONOMER,full_coverage,764.074777075,{'MNTH_ECOLI': 1},1.16596198198,{'b2392': 1},['Inner_Membrane'],protein_b2392_Inner_Membrane --> YFEP-MONOMER
34,YJCG-MONOMER,full_coverage,1264.99383474,{'ACTP_ECOLI': 1},1.16524031935,{'b4067': 1},['Inner_Membrane'],protein_b4067_Inner_Membrane --> YJCG-MONOMER
35,CYNX-MONOMER,full_coverage,691.769956383,{'CYNX_ECOLI': 1},1.16510177341,{'b0341': 1},['Inner_Membrane'],protein_b0341_Inner_Membrane --> CYNX-MONOMER
36,FORMATEDEHYDROGO-CPLX_mod_bmocogdp,full_combination,254.362398409,"{'FDOG_ECOLI': '1', 'FDOH_ECOLI': '1', 'FDOI_ECOLI': '1'}",1.16000239729,"{'b3893': 1, 'b3892': 1, 'b3894': 1}",['Inner_Membrane'],bmocogdp_c + protein_b3892_Inner_Membrane + protein_b3893_Inner_Membrane + protein_b3894_Periplasm --> FORMATEDEHYDROGO-CPLX_mod_bmocogdp + 1.584990204 biomass
37,ABC-49-CPLX,full_combination,2544.75196069,"{'GSIA_ECOLI': '2', 'GSIC_ECOLI': '1', '1uqw_bio2': '1', 'GSID_ECOLI': '1'}",1.16108497056,"{'b0832': 1, 'b0829': 2, 'b0830': 1, 'b0831': 1}",['Inner_Membrane'],2.0 protein_b0829 + protein_b0830 + protein_b0831_Inner_Membrane + protein_b0832_Inner_Membrane --> ABC-49-CPLX
38,CPLX0-3976_edit,full_combination,793.101599622,"{'WZYE_ECOLI': '1', 'WZZE_ECOLI': '1'}",1.15611080887,"{'b3785': 1, 'b3793': 1}",['Inner_Membrane'],protein_b3785_Inner_Membrane + protein_b3793_Inner_Membrane --> CPLX0-3976_edit
39,CYCA-MONOMER,full_coverage,1073.79011882,{'CYCA_ECOLI': 1},1.16207910584,{'b4208': 1},['Inner_Membrane'],protein_b4208_Inner_Membrane --> CYCA-MONOMER
40,B1634-MONOMER,full_coverage,1166.26114508,{'DTPA_ECOLI': 1},1.16505673552,{'b1634': 1},['Inner_Membrane'],protein_b1634_Inner_Membrane --> B1634-MONOMER
41,ABC-40-CPLX,full_combination,564.02844569,"{'YEHW_ECOLI': '1', '4wep_bio1': '1', 'YEHY_ECOLI': '1', 'YEHX_ECOLI': '2'}",1.16414506715,"{'b2131': 1, 'b2130': 1, 'b2128': 1, 'b2129': 2}",['Inner_Membrane'],protein_b2128_Inner_Membrane + 2.0 protein_b2129 + protein_b2130_Inner_Membrane + protein_b2131_Periplasm --> ABC-40-CPLX
42,BRNQ-MONOMER,full_coverage,858.543896288,{'BRNQ_ECOLI': 1},1.16935020543,{'b0401': 1},['Inner_Membrane'],protein_b0401_Inner_Membrane --> BRNQ-MONOMER
43,ABC-15-CPLX,full_combination,600.898731113,"{'LIVJ_ECOLI': '1', 'LIVH_ECOLI': '1', 'LIVF_ECOLI': '1', 'LIVG_ECOLI': '1', 'LIVM_ECOLI': '1'}",1.16388560206,"{'b3460': 1, 'b3455': 1, 'b3454': 1, 'b3457': 1, 'b3456': 1}",['Inner_Membrane'],protein_b3454 + protein_b3455 + protein_b3456_Inner_Membrane + protein_b3457_Inner_Membrane + protein_b3460_Periplasm --> ABC-15-CPLX
44,CYT-D-UBIOX-CPLX_mod_pheme_mod_hemed,full_combination,846.025505517,"{'CYDA_ECOLI': '1', 'CYDB_ECOLI': '1'}",1.15960431029,"{'b0733': 1, 'b0734': 1}",['Inner_Membrane'],hemed_c + pheme_c + protein_b0733_Inner_Membrane + protein_b0734_Inner_Membrane --> CYT-D-UBIOX-CPLX_mod_pheme_mod_hemed + 1.26295748 biomass
45,CYT-O-UBIOX-CPLX_mod_pheme_mod_cu2,best_full_combination,2020.21531646,"{'CYOD_ECOLI': '1', '1fft_bio1': '1'}",1.02689526066,"{'b0432': 1, 'b0429': 1, 'b0430': 1, 'b0431': 1}",['Inner_Membrane'],cu2_c + pheme_c + protein_b0429_Inner_Membrane + protein_b0430_Inner_Membrane + protein_b0431_Inner_Membrane + protein_b0432_Inner_Membrane --> CYT-O-UBIOX-CPLX_mod_pheme_mod_cu2 + 0.6780174 biomass
46,KUP-MONOMER,full_coverage,1620.7220385,{'KUP_ECOLI': 1},1.16000266372,{'b3747': 1},['Inner_Membrane'],protein_b3747_Inner_Membrane --> KUP-MONOMER
47,EXUT-MONOMER,full_coverage,801.62709188,{'EXUT_ECOLI': 1},1.16304907267,{'b3093': 1},['Inner_Membrane'],protein_b3093_Inner_Membrane --> EXUT-MONOMER
48,G6657-MONOMER,full_coverage,630.714003451,{'2iwv_bio2': 1},1.01249244206,{'b1319': 1},['Outer_Membrane'],protein_b1319_Outer_Membrane --> G6657-MONOMER
49,SHIA-MONOMER,full_coverage,775.6269373,{'SHIA_ECOLI': 1},1.16314343932,{'b1981': 1},['Inner_Membrane'],protein_b1981_Inner_Membrane --> SHIA-MONOMER
50,PGPPHOSPHAB-MONOMER,full_coverage,287.305577508,{'5jwy': 1},1.15533195462,{'b1278': 1},['Inner_Membrane'],protein_b1278_Inner_Membrane --> PGPPHOSPHAB-MONOMER
51,HEMEOSYN-MONOMER_mod_mg2,full_coverage,626.740843866,{'CYOE_ECOLI': 1},1.1630947434,{'b0428': 1},['Inner_Membrane'],mg2_c + protein_b0428_Inner_Membrane --> HEMEOSYN-MONOMER_mod_mg2 + 0.024305 biomass
52,EG10280-MONOMER,full_coverage,565.237793316,{'3dwn_bio2': 1},0.988262357519,{'b2344': 1},['Outer_Membrane'],protein_b2344_Outer_Membrane --> EG10280-MONOMER
53,B0260-MONOMER,full_coverage,1336.72154118,{'MMUP_ECOLI': 1},1.16468449585,{'b0260': 1},['Inner_Membrane'],protein_b0260_Inner_Membrane --> B0260-MONOMER
54,MTR-MONOMER,full_coverage,746.874632948,{'MTR_ECOLI': 1},1.16625663284,{'b3161': 1},['Inner_Membrane'],protein_b3161_Inner_Membrane --> MTR-MONOMER
55,EG11486-MONOMER,full_coverage,714.981644888,{'WZXE_ECOLI': 1},1.16450586307,{'b3792': 1},['Inner_Membrane'],protein_b3792_Inner_Membrane --> EG11486-MONOMER
56,CPLX0-1923_EG10155-MONOMER,best_full_combination,3140.76925511,"{'5sv1_bio1': '1', '1xx3': '1', '2hdi': '1'}",1.04242788143,"{'b3005': 1, 'b3006': 5, 'b2155': 1, 'b1252': 1}",['Trans_Complex_Both'],protein_b1252_Inner_Membrane + protein_b2155_Outer_Membrane + protein_b3005_Inner_Membrane + 5.0 protein_b3006_Inner_Membrane --> CPLX0-1923_EG10155-MONOMER
57,CPLX0-7906,full_coverage,5356.05735177,{'2wsx': 1},1.13823930092,{'b0040': 3},['Inner_Membrane'],3.0 protein_b0040_Inner_Membrane --> CPLX0-7906
58,G6414-MONOMER_CPLX0-1923,best_full_combination,3034.29809653,"{'5sv1_bio1': '1', '1xx3': '1', 'FIU_ECOLI': '1'}",1.04788371331,"{'b0805': 1, 'b3005': 1, 'b3006': 5, 'b1252': 1}",['Trans_Complex_Both'],protein_b0805_Outer_Membrane + protein_b1252_Inner_Membrane + protein_b3005_Inner_Membrane + 5.0 protein_b3006_Inner_Membrane --> G6414-MONOMER_CPLX0-1923
59,CPLX-7,full_combination,1636.92504,{'ARSB_ECOLI': '2'},1.16807417477,{'b3502': 2},['Inner_Membrane'],2.0 protein_b3502_Inner_Membrane --> CPLX-7
60,ABC-70-CPLX,full_combination,1278.92089882,"{'CYSA_ECOLI': '2', 'SUBI_ECOLI': '1', 'CYST_ECOLI': '1', 'CYSW_ECOLI': '1'}",1.15964482698,"{'b2423': 1, 'b2422': 2, 'b3917': 1, 'b2424': 1}",['Inner_Membrane'],2.0 protein_b2422 + protein_b2423_Inner_Membrane + protein_b2424_Inner_Membrane + protein_b3917_Periplasm --> ABC-70-CPLX
61,TNAB-MONOMER,full_coverage,808.129926344,{'TNAB_ECOLI': 1},1.16340181885,{'b3709': 1},['Inner_Membrane'],protein_b3709_Inner_Membrane --> TNAB-MONOMER
62,EG10669-MONOMER,full_coverage,238.118735262,{'1g90': 1},0.53645541874,{'b0957': 1},['Outer_Membrane'],protein_b0957_Outer_Membrane --> EG10669-MONOMER
63,CPLX0-2141,best_full_combination,3401.00734088,"{'ACRF_ECOLI': '3', 'ACRE_ECOLI': '3', '2xmn': '1'}",1.12653227764,"{'b3266': 3, 'b3035': 3, 'b3265': 3}",['Trans_Complex_Both'],3.0 protein_b3035_Outer_Membrane + 3.0 protein_b3265_lipoprotein_Inner_Membrane + 3.0 protein_b3266_Inner_Membrane --> CPLX0-2141
64,B0612-MONOMER,full_coverage,1095.30030095,{'CITT_ECOLI': 1},1.16345449994,{'b0612': 1},['Inner_Membrane'],protein_b0612_Inner_Membrane --> B0612-MONOMER
65,FORMHYDROGI-CPLX_mod_ni2_mod_4fe4s,full_coverage,858.057237635,{'4gd3_bio6': 1},1.01815487005,"{'b0974': 1, 'b0973': 1, 'b0972': 1}",['Inner_Membrane'],4fe4s_c + 4.27350427350427e-6*mu generic_4fe4s_transfer_complex + ni2_c + protein_b0972_Inner_Membrane + protein_b0973_Periplasm + protein_b0974_Inner_Membrane --> FORMHYDROGI-CPLX_mod_ni2_mod_4fe4s + 0.4103334 biomass
66,PNUC-MONOMER,full_coverage,192.471559819,{'PNUC_ECOLI': 1},1.15748710764,{'b0751': 1},['Inner_Membrane'],protein_b0751_Inner_Membrane --> PNUC-MONOMER
67,YHFM-MONOMER,full_coverage,765.424632738,{'FRLA_ECOLI': 1},1.16661403327,{'b3370': 1},['Inner_Membrane'],protein_b3370_Inner_Membrane --> YHFM-MONOMER
68,CPLX0-7641,full_coverage,1431.09740444,{'3h90_bio2': 1},1.10614338453,{'b3915': 2},['Inner_Membrane'],2.0 protein_b3915_Inner_Membrane --> CPLX0-7641
69,CPLX0-7642,full_combination,1583.72775569,{'PROP_ECOLI': '2'},1.16260149675,{'b4111': 2},['Inner_Membrane'],2.0 protein_b4111_Inner_Membrane --> CPLX0-7642
70,G7322-MONOMER_G6561-MONOMER,full_combination,1509.10712495,"{'PBPC_ECOLI': '1', 'MVIN_ECOLI': '1'}",1.16257291166,"{'b2519': 1, 'b1069': 1}",['Inner_Membrane'],protein_b1069_Inner_Membrane + protein_b2519_Inner_Membrane --> G7322-MONOMER_G6561-MONOMER
71,NITRATREDUCTZ-CPLX_mod_bmocogdp_mod_2:pheme_mod_3:4fe4s_mod_1:3fe4s,full_combination,627.137514678,"{'NARY_ECOLI': '1', 'NARZ_ECOLI': '1', 'NARV_ECOLI': '1'}",1.15771025375,"{'b1468': 1, 'b1467': 1, 'b1465': 1}",['Inner_Membrane'],4.0 4fe4s_c + 4.27350427350427e-6*mu NARW-MONOMER + bmocogdp_c + 1.70940170940171e-5*mu generic_4fe4s_transfer_complex + 2.0 pheme_c + protein_b1465_Inner_Membrane + protein_b1467 + protein_b1468 --> NITRATREDUCTZ-CPLX_mod_bmocogdp_mod_2:pheme_mod_3:4fe4s_mod_1:3fe4s + 4.164648004 biomass + fe2_c
72,ABC-12-CPLX,full_combination,1041.21582299,"{'GLNH_ECOLI': '1', 'GLNP_ECOLI': '2', 'GLNQ_ECOLI': '2'}",1.16029112737,"{'b0810': 2, 'b0811': 1, 'b0809': 2}",['Inner_Membrane'],2.0 protein_b0809 + 2.0 protein_b0810_Inner_Membrane + protein_b0811_Periplasm --> ABC-12-CPLX
73,LACY-MONOMER,full_coverage,794.142036658,{'1pv6_bio2': 1},1.45115350729,{'b0343': 1},['Inner_Membrane'],protein_b0343_Inner_Membrane --> LACY-MONOMER
74,KGTP-MONOMER,full_coverage,825.625055143,{'KGTP_ECOLI': 1},1.16336900616,{'b2587': 1},['Inner_Membrane'],protein_b2587_Inner_Membrane --> KGTP-MONOMER
75,Lgt_MONOMER,full_coverage,371.929178422,{'LGT_ECOLI': 1},1.15630753849,{'b2828': 1},['Inner_Membrane'],protein_b2828_Inner_Membrane --> Lgt_MONOMER
76,YAAJ-MONOMER,full_coverage,917.654154788,{'YAAJ_ECOLI': 1},1.16417409442,{'b0007': 1},['Inner_Membrane'],protein_b0007_Inner_Membrane --> YAAJ-MONOMER
77,TDCC-MONOMER,full_coverage,999.89389479,{'TDCC_ECOLI': 1},1.16138485463,{'b3116': 1},['Inner_Membrane'],protein_b3116_Inner_Membrane --> TDCC-MONOMER
78,URAA-MONOMER,full_coverage,980.019559134,{'3qe7_bio1': 1},1.10555631759,{'b2497': 1},['Inner_Membrane'],protein_b2497_Inner_Membrane --> URAA-MONOMER
79,CPLX0-1721,full_combination,2738.39420486,"{'2vb2': '1', '3h94_bio2': '1', '3k0i': '3', 'CUSC_ECOLI': '1'}",1.11613442012,"{'b0573': 1, 'b0572': 1, 'b0575': 3, 'b0574': 1}",['Inner_Membrane'],protein_b0572_lipoprotein_Outer_Membrane + protein_b0573_Periplasm + protein_b0574_Periplasm + 3.0 protein_b0575_Inner_Membrane --> CPLX0-1721
80,NARU-MONOMER,full_coverage,704.858150081,{'NARU_ECOLI': 1},1.16473324235,{'b1469': 1},['Inner_Membrane'],protein_b1469_Inner_Membrane --> NARU-MONOMER
81,AMPG-MONOMER,full_coverage,905.003779099,{'AMPG_ECOLI': 1},1.16438962909,{'b0433': 1},['Inner_Membrane'],protein_b0433_Inner_Membrane --> AMPG-MONOMER
82,YBDA-MONOMER,full_coverage,764.76833159,{'ENTS_ECOLI': 1},1.17113640771,{'b0591': 1},['Inner_Membrane'],protein_b0591_Inner_Membrane --> YBDA-MONOMER
83,ABC-27-CPLX,full_combination,1504.41025098,"{'1a40': '1', 'PSTB_ECOLI': '2', 'PSTC_ECOLI': '1', 'PSTA_ECOLI': '1'}",1.14443847562,"{'b3728': 1, 'b3727': 1, 'b3726': 1, 'b3725': 2}",['Inner_Membrane'],2.0 protein_b3725 + protein_b3726_Inner_Membrane + protein_b3727_Inner_Membrane + protein_b3728_Periplasm --> ABC-27-CPLX
84,ARCD-MONOMER,full_coverage,1272.45327952,{'ARCD_ECOLI': 1},1.16557708923,{'b1605': 1},['Inner_Membrane'],protein_b1605_Inner_Membrane --> ARCD-MONOMER
85,EG11639-MONOMER,full_coverage,529.617895998,{'EAMA_ECOLI': 1},1.16439717619,{'b1533': 1},['Inner_Membrane'],protein_b1533_Inner_Membrane --> EG11639-MONOMER
86,ABC-9-CPLX,full_combination,1267.97700549,"{'FECC_ECOLI': '1', 'FECB_ECOLI': '1', 'FECE_ECOLI': '2', 'FECD_ECOLI': '1'}",1.16383428733,"{'b4289': 1, 'b4288': 1, 'b4290': 1, 'b4287': 2}",['Inner_Membrane'],2.0 protein_b4287 + protein_b4288_Inner_Membrane + protein_b4289_Inner_Membrane + protein_b4290_Periplasm --> ABC-9-CPLX
87,ATPASE-1-CPLX,full_combination,2750.43336964,"{'ATKC_ECOLI': '1', 'KDPF_ECOLI': '1', '2a00': '1', 'ATKA_ECOLI': '1'}",0.733913844188,"{'b0698': 1, 'b0696': 1, 'b0697': 1, 'b4513': 1}",['Inner_Membrane'],protein_b0696 + protein_b0697_Inner_Membrane + protein_b0698_Inner_Membrane + protein_b4513_Inner_Membrane --> ATPASE-1-CPLX
88,EG12713-MONOMER,full_coverage,606.473973391,{'YDDG_ECOLI': 1},1.16526846919,{'b1473': 1},['Inner_Membrane'],protein_b1473_Inner_Membrane --> EG12713-MONOMER
89,EG11674-MONOMER,full_coverage,155.677153457,{'PLSY_ECOLI': 1},1.16372774256,{'b3059': 1},['Inner_Membrane'],protein_b3059_Inner_Membrane --> EG11674-MONOMER
90,CPLX0-7684,full_combination,566.605364763,"{'YGAZ_ECOLI': '1', 'YGAH_ECOLI': '1'}",1.16560612974,"{'b2683': 1, 'b2682': 1}",['Inner_Membrane'],protein_b2682_Inner_Membrane + protein_b2683_Inner_Membrane --> CPLX0-7684
91,LYSP-MONOMER,full_coverage,950.292777309,{'LYSP_ECOLI': 1},1.1626648943,{'b2156': 1},['Inner_Membrane'],protein_b2156_Inner_Membrane --> LYSP-MONOMER
92,ABC-8-CPLX,full_combination,817.225965622,"{'1dpp_bio1': '1', 'DPPD_ECOLI': '1', 'DPPF_ECOLI': '1', 'DPPC_ECOLI': '1', 'DPPB_ECOLI': '1'}",1.16069375489,"{'b3543': 1, 'b3542': 1, 'b3541': 1, 'b3540': 1, 'b3544': 1}",['Inner_Membrane'],protein_b3540 + protein_b3541 + protein_b3542_Inner_Membrane + protein_b3543_Inner_Membrane + protein_b3544_Periplasm --> ABC-8-CPLX
93,ABC-42-CPLX,full_combination,948.978083162,"{'ALSC_ECOLI': '2', 'ALSA_ECOLI': '2', '1rpj_bio1': '1'}",1.15070580177,"{'b4088': 1, 'b4087': 2, 'b4086': 2}",['Inner_Membrane'],2.0 protein_b4086_Inner_Membrane + 2.0 protein_b4087 + protein_b4088_Periplasm --> ABC-42-CPLX
94,XASA-MONOMER,full_coverage,1056.3738908,{'4djk_bio2': 1},1.16539278517,{'b1492': 1},['Inner_Membrane'],protein_b1492_Inner_Membrane --> XASA-MONOMER
95,YICE-MONOMER,full_coverage,1073.5542434,{'XANP_ECOLI': 1},1.16897801719,{'b3654': 1},['Inner_Membrane'],protein_b3654_Inner_Membrane --> YICE-MONOMER
96,Bam-CPLX,full_coverage,1032.71771503,{'5ayw': 1},0.99750079359,"{'b0177': 1, 'b2512': 1, 'b2477': 1, 'b2595': 1, 'b2617': 1}",['Outer_Membrane'],protein_b0177_Outer_Membrane + protein_b2477_lipoprotein_Outer_Membrane + protein_b2512_lipoprotein_Outer_Membrane + protein_b2595_lipoprotein_Outer_Membrane + protein_b2617_lipoprotein_Outer_Membrane --> Bam-CPLX
97,PHEP-MONOMER,full_coverage,1001.92007599,{'PHEP_ECOLI': 1},1.16089348888,{'b0576': 1},['Inner_Membrane'],protein_b0576_Inner_Membrane --> PHEP-MONOMER
98,G6260-MONOMER,full_coverage,442.915550098,{'COPA_ECOLI': 1},1.16971722018,{'b0484': 1},['Inner_Membrane'],protein_b0484_Inner_Membrane --> G6260-MONOMER
99,ABC-7-CPLX,full_combination,1278.92089882,"{'CYSP_ECOLI': '1', 'CYSA_ECOLI': '2', 'CYST_ECOLI': '1', 'CYSW_ECOLI': '1'}",1.1596770365,"{'b2423': 1, 'b2422': 2, 'b2425': 1, 'b2424': 1}",['Inner_Membrane'],2.0 protein_b2422 + protein_b2423_Inner_Membrane + protein_b2424_Inner_Membrane + protein_b2425_Periplasm --> ABC-7-CPLX
100,GLTP-MONOMER,full_coverage,948.497523005,{'GLTP_ECOLI': 1},1.16516818234,{'b4077': 1},['Inner_Membrane'],protein_b4077_Inner_Membrane --> GLTP-MONOMER
101,MONOMER0-341,full_coverage,612.135379646,{'1ilz': 1},1.02759182062,{'b3821': 1},['Outer_Membrane'],protein_b3821_Outer_Membrane --> MONOMER0-341
102,HCAT-MONOMER,full_coverage,738.921886144,{'HCAT_ECOLI': 1},1.16193307576,{'b2536': 1},['Inner_Membrane'],protein_b2536_Inner_Membrane --> HCAT-MONOMER
103,PUTP-MONOMER,full_coverage,1238.71588711,{'PUTP_ECOLI': 1},1.16466865096,{'b1015': 1},['Inner_Membrane'],protein_b1015_Inner_Membrane --> PUTP-MONOMER
104,YJDL-MONOMER,full_coverage,1188.25475757,{'YJDL_ECOLI': 1},1.16297676365,{'b4130': 1},['Inner_Membrane'],protein_b4130_Inner_Membrane --> YJDL-MONOMER
105,DSBBPROT-MONOMER,full_coverage,218.668194014,{'DSBB_ECOLI': 1},1.15494768858,{'b1185': 1},['Inner_Membrane'],protein_b1185_Inner_Membrane --> DSBBPROT-MONOMER
106,MHPT-MONOMER,full_coverage,738.504667879,{'MHPT_ECOLI': 1},1.17268726495,{'b0353': 1},['Inner_Membrane'],protein_b0353_Inner_Membrane --> MHPT-MONOMER
107,SUCC-DEHASE_mod_3fe4s_mod_fad_mod_2fe2s_mod_4fe4s,full_coverage,550.307100301,{'2wdr_bio1': 1},1.15880014941,"{'b0722': 1, 'b0723': 1, 'b0721': 1, 'b0724': 1}",['Inner_Membrane'],2fe2s_c + 2.0 4fe4s_c + fad_c + 4.27350427350427e-6*mu generic_2fe2s_transfer_complex + 8.54700854700855e-6*mu generic_4fe4s_transfer_complex + protein_b0721_Inner_Membrane + protein_b0722_Inner_Membrane + protein_b0723 + protein_b0724 --> SUCC-DEHASE_mod_3fe4s_mod_fad_mod_2fe2s_mod_4fe4s + 1.606788862 biomass + fe2_c
108,ABC-16-CPLX,full_coverage,1866.59979345,{'3pv0': 1},1.1181665982,"{'b4034': 1, 'b4035': 2, 'b4032': 1, 'b4033': 1}",['Inner_Membrane'],protein_b4032_Inner_Membrane + protein_b4033_Inner_Membrane + protein_b4034_Periplasm + 2.0 protein_b4035 --> ABC-16-CPLX
109,APP-UBIOX-CPLX_mod_pheme_mod_hemed,full_combination,2337.45973756,"{'APPB_ECOLI': '1', 'APPC_ECOLI': '1'}",1.15842661062,"{'b0979': 1, 'b0978': 1}",['Inner_Membrane'],hemed_c + pheme_c + protein_b0978_Inner_Membrane + protein_b0979_Inner_Membrane --> APP-UBIOX-CPLX_mod_pheme_mod_hemed + 1.26295748 biomass
110,MGTA-MONOMER,full_coverage,620.715527808,{'3gwi_bio1': 1},0.217317753317,{'b4242': 1},['Inner_Membrane'],protein_b4242_Inner_Membrane --> MGTA-MONOMER
111,BETT-MONOMER,full_coverage,2483.93208063,{'BETT_ECOLI': 1},1.15931621045,{'b0314': 1},['Inner_Membrane'],protein_b0314_Inner_Membrane --> BETT-MONOMER
112,YJIZ-MONOMER,full_coverage,855.793567041,{'YJJL_ECOLI': 1},1.16310980027,{'b4356': 1},['Inner_Membrane'],protein_b4356_Inner_Membrane --> YJIZ-MONOMER
113,RFBX-MONOMER,full_coverage,699.29536408,{'RFBX_ECOLI': 1},1.16255555261,{'b2037': 1},['Inner_Membrane'],protein_b2037_Inner_Membrane --> RFBX-MONOMER
114,YGJU-MONOMER,full_coverage,796.774632393,{'SSTT_ECOLI': 1},1.16965283067,{'b3089': 1},['Inner_Membrane'],protein_b3089_Inner_Membrane --> YGJU-MONOMER
115,NRFMULTI-CPLX,full_combination,544.984522728,"{'NRFC_ECOLI': '1', 'NRFB_ECOLI': '1', 'NRFA_ECOLI': '1', 'NRFD_ECOLI': '1'}",1.1602692234,"{'b4072': 1, 'b4073': 1, 'b4070': 1, 'b4071': 1}",['Inner_Membrane'],protein_b4070_Periplasm + protein_b4071_Periplasm + protein_b4072_Periplasm + protein_b4073_Inner_Membrane --> NRFMULTI-CPLX
116,ABC-33-CPLX,full_combination,1473.10476054,"{'3ma0_bio1': '1', 'XYLG_ECOLI': '2', 'XYLH_ECOLI': '2'}",1.15181565222,"{'b3567': 2, 'b3566': 1, 'b3568': 2}",['Inner_Membrane'],protein_b3566_Periplasm + 2.0 protein_b3567 + 2.0 protein_b3568_Inner_Membrane --> ABC-33-CPLX
117,CPLX0-7717_G6561-MONOMER,full_combination,1509.10712495,"{'MVIN_ECOLI': '1', 'PBPA_ECOLI': '2'}",1.16265793784,"{'b3396': 2, 'b1069': 1}",['Inner_Membrane'],protein_b1069_Inner_Membrane + 2.0 protein_b3396_Inner_Membrane --> CPLX0-7717_G6561-MONOMER
118,G7921-MONOMER,full_coverage,453.591460584,{'NANC_ECOLI': 1},1.15176892424,{'b4311': 1},['Outer_Membrane'],protein_b4311_Outer_Membrane --> G7921-MONOMER
119,B1296-MONOMER,full_coverage,840.244071065,{'PUUP_ECOLI': 1},1.16145174055,{'b1296': 1},['Inner_Membrane'],protein_b1296_Inner_Membrane --> B1296-MONOMER
120,GNTT-MONOMER,full_coverage,861.118693944,{'GNTT_ECOLI': 1},1.16985570924,{'b3415': 1},['Inner_Membrane'],protein_b3415_Inner_Membrane --> GNTT-MONOMER
121,ABC-51-CPLX,full_combination,1947.14222543,"{'YDCS_ECOLI': '1', 'YDCV_ECOLI': '1', 'YDCU_ECOLI': '1', 'YDCT_ECOLI': '2'}",1.1619851134,"{'b1440': 1, 'b1441': 2, 'b1442': 1, 'b1443': 1}",['Inner_Membrane'],protein_b1440_Periplasm + 2.0 protein_b1441 + protein_b1442_Inner_Membrane + protein_b1443_Inner_Membrane --> ABC-51-CPLX
122,ATPSYN-CPLX_EG10106-MONOMER_mod_mg2,full_coverage,265.329227274,{'CDSA_ECOLI': 1},1.1610934151,{'b0175': 1},['Inner_Membrane'],mg2_c + protein_b3731_Inner_Membrane + 3.0 protein_b3732 + protein_b3733 + 3.0 protein_b3734 + protein_b3735 + protein_b3736_Inner_Membrane + protein_b3737_Inner_Membrane + protein_b3738_Inner_Membrane + protein_b3739_Inner_Membrane --> ATPSYN-CPLX_EG10106-MONOMER_mod_mg2 + 0.024305 biomass
123,ABC-10-CPLX,full_combination,1461.64421342,"{'FEPG_ECOLI': '1', 'FEPD_ECOLI': '1', '2m6l_bio1': '1', 'FEPC_ECOLI': '2'}",1.16692662657,"{'b0590': 1, 'b0588': 2, 'b0592': 1, 'b0589': 1}",['Inner_Membrane'],2.0 protein_b0588 + protein_b0589_Inner_Membrane + protein_b0590_Inner_Membrane + protein_b0592_Periplasm --> ABC-10-CPLX
124,TYRP-MONOMER,full_coverage,782.973125427,{'TYRP_ECOLI': 1},1.16759720222,{'b1907': 1},['Inner_Membrane'],protein_b1907_Inner_Membrane --> TYRP-MONOMER
125,ABC-18-CPLX,full_combination,1302.36785187,"{'2qw1': '1', 'MGLA_ECOLI': '2', 'MGLC_ECOLI': '2'}",1.1488432028,"{'b2150': 1, 'b2148': 2, 'b2149': 2}",['Inner_Membrane'],2.0 protein_b2148_Inner_Membrane + 2.0 protein_b2149 + protein_b2150_Periplasm --> ABC-18-CPLX
126,CPLX0-1941,best_full_combination,3157.7033241,"{'5sv1_bio1': '1', '1xx3': '1', '1fep_bio1': '1'}",1.00975837308,"{'b3005': 1, 'b3006': 5, 'b0584': 1, 'b1252': 1}",['Trans_Complex_Both'],protein_b0584_Outer_Membrane + protein_b1252_Inner_Membrane + protein_b3005_Inner_Membrane + 5.0 protein_b3006_Inner_Membrane --> CPLX0-1941
127,ABC-64-CPLX,full_combination,1551.34234316,"{'TAUC_ECOLI': '2', 'TAUB_ECOLI': '2', 'TAUA_ECOLI': '1'}",1.16318315382,"{'b0366': 2, 'b0367': 2, 'b0365': 1}",['Inner_Membrane'],protein_b0365_Periplasm + 2.0 protein_b0366 + 2.0 protein_b0367_Inner_Membrane --> ABC-64-CPLX
128,CPLX0-1943,best_full_combination,3112.54856339,"{'5sv1_bio1': '1', '1po3_bio2': '1', '1xx3': '1'}",1.048218289,"{'b4291': 1, 'b3006': 5, 'b3005': 1, 'b1252': 1}",['Trans_Complex_Both'],protein_b1252_Inner_Membrane + protein_b3005_Inner_Membrane + 5.0 protein_b3006_Inner_Membrane + protein_b4291_Outer_Membrane --> CPLX0-1943
129,B0709-MONOMER,full_coverage,1133.59822684,{'4q65': 1},1.02910776377,{'b0709': 1},['Inner_Membrane'],protein_b0709_Inner_Membrane --> B0709-MONOMER
130,YDEA-MONOMER,full_coverage,756.913388985,{'SOTB_ECOLI': 1},1.16565694535,{'b1528': 1},['Inner_Membrane'],protein_b1528_Inner_Membrane --> YDEA-MONOMER
131,LolCDE-CPLX,full_combination,397.288582147,"{'LOLD_ECOLI': '1', 'LOLE_ECOLI': '1', 'LOLC_ECOLI': '2'}",1.16368618181,"{'b1118': 1, 'b1116': 2, 'b1117': 1}",['Inner_Membrane'],2.0 protein_b1116_Inner_Membrane + protein_b1117 + protein_b1118_Inner_Membrane --> LolCDE-CPLX
132,CPLX0-1923_EG10306-MONOMER,best_full_combination,3112.20306667,"{'5sv1_bio1': '1', '1xx3': '1', 'FHUE_ECOLI': '1'}",1.04586919952,"{'b1252': 1, 'b1102': 1, 'b3006': 5, 'b3005': 1}",['Trans_Complex_Both'],protein_b1102_Outer_Membrane + protein_b1252_Inner_Membrane + protein_b3005_Inner_Membrane + 5.0 protein_b3006_Inner_Membrane --> CPLX0-1923_EG10306-MONOMER
133,YGGA-MONOMER,full_coverage,297.558172675,{'ARGO_ECOLI': 1},1.16159610068,{'b2923': 1},['Inner_Membrane'],protein_b2923_Inner_Membrane --> YGGA-MONOMER
134,Sec-CPLX,best_full_combination,2247.59714356,"{'SECD_ECOLI': '1', 'SECF_ECOLI': '1', '3j46': '1'}",1.27116274354,"{'b3300': 1, 'b0409': 1, 'b0408': 1, 'b3981': 1, 'b3175': 1}",['Inner_Membrane'],protein_b0408_Inner_Membrane + protein_b0409_Inner_Membrane + protein_b3175_Inner_Membrane + protein_b3300_Inner_Membrane + protein_b3981_Inner_Membrane --> Sec-CPLX
135,B0752-MONOMER,full_coverage,253.183970619,{'ZITB_ECOLI': 1},1.16104315173,{'b0752': 1},['Inner_Membrane'],protein_b0752_Inner_Membrane --> B0752-MONOMER
136,ABC-22-CPLX,full_combination,2253.24662359,"{'OPPD_ECOLI': '1', 'OPPF_ECOLI': '1', '3tcg_bio8': '1', 'OPPB_ECOLI': '1', 'OPPC_ECOLI': '1'}",1.16095780503,"{'b1246': 1, 'b1247': 1, 'b1244': 1, 'b1245': 1, 'b1243': 1}",['Inner_Membrane'],protein_b1243_Periplasm + protein_b1244_Inner_Membrane + protein_b1245_Inner_Membrane + protein_b1246 + protein_b1247 --> ABC-22-CPLX
137,YHHO-MONOMER,full_coverage,436.863648289,{'1mwy': 1},0.119977377405,{'b3469': 1},['Inner_Membrane'],protein_b3469_Inner_Membrane --> YHHO-MONOMER
138,DIMESULFREDUCT-CPLX_mod_bmocogdp,full_combination,624.785620595,"{'DMSA_ECOLI': '1', 'DMSC_ECOLI': '1', 'DMSB_ECOLI': '1'}",1.16164412417,"{'b0894': 1, 'b0895': 1, 'b0896': 1}",['Inner_Membrane'],4.27350427350427e-6*mu G6849-MONOMER + bmocogdp_c + protein_b0894_Periplasm + protein_b0895 + protein_b0896_Inner_Membrane --> DIMESULFREDUCT-CPLX_mod_bmocogdp + 1.584990204 biomass
139,PITA-MONOMER,full_coverage,904.598634335,{'PITA_ECOLI': 1},1.16647011704,{'b3493': 1},['Inner_Membrane'],protein_b3493_Inner_Membrane --> PITA-MONOMER
140,DCUC-MONOMER,full_coverage,891.103662658,{'DCUC_ECOLI': 1},1.16977269677,{'b0621': 1},['Inner_Membrane'],protein_b0621_Inner_Membrane --> DCUC-MONOMER
141,GALP-MONOMER,full_coverage,777.628457864,{'GALP_ECOLI': 1},1.16206723556,{'b2943': 1},['Inner_Membrane'],protein_b2943_Inner_Membrane --> GALP-MONOMER
142,ABC-6-CPLX,full_combination,1483.69564891,"{'CYDD_ECOLI': '2', 'CYDC_ECOLI': '2'}",1.16188673621,"{'b0887': 2, 'b0886': 2}",['Inner_Membrane'],2.0 protein_b0886_Inner_Membrane + 2.0 protein_b0887_Inner_Membrane --> ABC-6-CPLX
143,G7170-MONOMER,full_coverage,1073.57777129,{'ARNT_ECOLI': 1},1.15663593148,{'b2257': 1},['Inner_Membrane'],protein_b2257_Inner_Membrane --> G7170-MONOMER
144,G7814-MONOMER,full_coverage,447.913368817,{'OMPL_ECOLI': 1},1.15063826558,{'b3875': 1},['Outer_Membrane'],protein_b3875_Outer_Membrane --> G7814-MONOMER
145,CADB-MONOMER,full_coverage,903.447028111,{'CADB_ECOLI': 1},1.16958979119,{'b4132': 1},['Inner_Membrane'],protein_b4132_Inner_Membrane --> CADB-MONOMER
146,EG11665-MONOMER,full_coverage,435.756690068,{'UPPP_ECOLI': 1},1.16323485671,{'b3057': 1},['Inner_Membrane'],protein_b3057_Inner_Membrane --> EG11665-MONOMER
147,TRANS-CPLX-201,best_full_combination,3655.02458478,"{'2f1m_bio2': '1', 'ACRB_ECOLI': '3', 'ACRA_ECOLI': '1', '2xmn': '1'}",1.06215318812,"{'b0463': 3, 'b0462': 3, 'b3035': 3}",['Trans_Complex_Both'],3.0 protein_b0462_Inner_Membrane + 3.0 protein_b0463_lipoprotein_Inner_Membrane + 3.0 protein_b3035_Outer_Membrane --> TRANS-CPLX-201
148,TRANS-CPLX-203,full_combination,967.145068889,"{'YIAM_ECOLI': '1', 'YIAN_ECOLI': '1', 'YIAO_ECOLI': '1'}",1.16393769541,"{'b3577': 1, 'b3578': 1, 'b3579': 1}",['Inner_Membrane'],protein_b3577_Inner_Membrane + protein_b3578_Inner_Membrane + protein_b3579_Periplasm --> TRANS-CPLX-203
149,CPLX0-3951_G6561-MONOMER,full_combination,1509.10712495,"{'5hla_bio2': '2', 'MVIN_ECOLI': '1'}",0.949453358585,"{'b0149': 2, 'b1069': 1}",['Inner_Membrane'],2.0 protein_b0149_Inner_Membrane + protein_b1069_Inner_Membrane --> CPLX0-3951_G6561-MONOMER
150,CHAA-MONOMER,full_coverage,692.238969737,{'CHAA_ECOLI': 1},1.16669491993,{'b1216': 1},['Inner_Membrane'],protein_b1216_Inner_Membrane --> CHAA-MONOMER
151,CPLX0-7629,full_coverage,2368.82928034,{'4au5_bio1': 1},1.12472888137,{'b0019': 2},['Inner_Membrane'],2.0 protein_b0019_Inner_Membrane --> CPLX0-7629
152,YIDK-MONOMER,full_coverage,2023.7677088,{'YIDK_ECOLI': 1},1.16383294631,{'b3679': 1},['Inner_Membrane'],protein_b3679_Inner_Membrane --> YIDK-MONOMER
153,G6700-MONOMER,full_coverage,855.310039669,{'OMPN_ECOLI': 1},1.16369874497,{'b1377': 1},['Outer_Membrane'],protein_b1377_Outer_Membrane --> G6700-MONOMER
154,ABC-25-CPLX,full_combination,1266.6551257,"{'4jdf': '1', 'POTH_ECOLI': '1', 'POTI_ECOLI': '1', 'POTG_ECOLI': '2'}",1.14379975084,"{'b0854': 1, 'b0855': 2, 'b0856': 1, 'b0857': 1}",['Inner_Membrane'],protein_b0854_Periplasm + 2.0 protein_b0855 + protein_b0856_Inner_Membrane + protein_b0857_Inner_Membrane --> ABC-25-CPLX
155,ANSP-MONOMER,full_coverage,1041.96417306,{'ANSP_ECOLI': 1},1.16399022479,{'b1453': 1},['Inner_Membrane'],protein_b1453_Inner_Membrane --> ANSP-MONOMER
156,TRKA-MONOMER_SAPD-MONOMER_TRKH-MONOMER,full_combination,1123.53160946,"{'TRKH_ECOLI': '1', 'TRKA_ECOLI': '1', 'SAPD_ECOLI': '1'}",1.16067367671,"{'b1291': 1, 'b3849': 1, 'b3290': 1}",['Inner_Membrane'],protein_b1291 + protein_b3290 + protein_b3849_Inner_Membrane --> TRKA-MONOMER_SAPD-MONOMER_TRKH-MONOMER
157,YJGT-MONOMER,full_coverage,924.034913686,{'IDNT_ECOLI': 1},1.17008155123,{'b4265': 1},['Inner_Membrane'],protein_b4265_Inner_Membrane --> YJGT-MONOMER
158,ABC-304-CPLX,full_combination,600.898731113,"{'1usg': '1', 'LIVH_ECOLI': '1', 'LIVF_ECOLI': '1', 'LIVG_ECOLI': '1', 'LIVM_ECOLI': '1'}",1.1479502181,"{'b3458': 1, 'b3455': 1, 'b3454': 1, 'b3457': 1, 'b3456': 1}",['Inner_Membrane'],protein_b3454 + protein_b3455 + protein_b3456_Inner_Membrane + protein_b3457_Inner_Membrane + protein_b3458_Periplasm --> ABC-304-CPLX
159,NADH-DHI-CPLX_mod_2fe2s_mod_4fe4s_mod_fmn,best_full_combination,7290.90308478,"{'NUOG_ECOLI': '1', 'NUOF_ECOLI': '1', 'NUOE_ECOLI': '1', 'NUOB_ECOLI': '1', '3rko_bio2': '1', 'NUOCD_ECOLI': '1', 'NUOI_ECOLI': '1', 'NUOH_ECOLI': '1'}",1.14036404659,"{'b2283': 1, 'b2282': 1, 'b2281': 1, 'b2279': 1, 'b2276': 1, 'b2286': 1, 'b2285': 1, 'b2284': 1, 'b2278': 1, 'b2288': 1, 'b2280': 1, 'b2287': 1, 'b2277': 1}",['Inner_Membrane'],2fe2s_c + 4fe4s_c + fmn_c + 4.27350427350427e-6*mu generic_2fe2s_transfer_complex + 4.27350427350427e-6*mu generic_4fe4s_transfer_complex + protein_b2276_Inner_Membrane + protein_b2277_Inner_Membrane + protein_b2278_Inner_Membrane + protein_b2279_Inner_Membrane + protein_b2280_Inner_Membrane + protein_b2281 + protein_b2282_Inner_Membrane + protein_b2283 + protein_b2284 + protein_b2285 + protein_b2286 + protein_b2287 + protein_b2288_Inner_Membrane --> NADH-DHI-CPLX_mod_2fe2s_mod_4fe4s_mod_fmn + 0.981787921 biomass
160,PANF-MONOMER,full_coverage,1092.11928258,{'PANF_ECOLI': 1},1.16632568686,{'b3258': 1},['Inner_Membrane'],protein_b3258_Inner_Membrane --> PANF-MONOMER
161,CPLX0-7704_mod_mg2,full_coverage,2394.69117837,{'3b5w_bio4': 1},1.14009235159,{'b0914': 2},['Inner_Membrane'],mg2_c + 2.0 protein_b0914_Inner_Membrane --> CPLX0-7704_mod_mg2 + 0.024305 biomass
162,FORMHYDROG2-CPLX_mod_ni2_mod_fe2,full_combination,1099.48655728,"{'MBHT_ECOLI': '1', 'HYBB_ECOLI': '1', 'HYBA_ECOLI': '1', 'MBHM_ECOLI': '1'}",1.16282818474,"{'b2997': 1, 'b2996': 1, 'b2995': 1, 'b2994': 1}",['Inner_Membrane'],fe2_c + ni2_c + protein_b2994_Periplasm + protein_b2995_Inner_Membrane + protein_b2996_Periplasm + protein_b2997_Periplasm --> FORMHYDROG2-CPLX_mod_ni2_mod_fe2 + 0.1145384 biomass
163,CMR-MONOMER,full_coverage,758.692489942,{'4zp0_bio1': 1},1.11295243317,{'b0842': 1},['Inner_Membrane'],protein_b0842_Inner_Membrane --> CMR-MONOMER
164,UHPT-MONOMER,full_coverage,859.162518739,{'UHPT_ECOLI': 1},1.1629803688,{'b3666': 1},['Inner_Membrane'],protein_b3666_Inner_Membrane --> UHPT-MONOMER
165,ATPASE-1-CPLX_no_MONOMER0-12,full_combination,2750.43336964,"{'ATKC_ECOLI': '1', 'ATKA_ECOLI': '1', '2a00': '1'}",0.725221028557,"{'b0698': 1, 'b0696': 1, 'b0697': 1}",['Inner_Membrane'],protein_b0696 + protein_b0697_Inner_Membrane + protein_b0698_Inner_Membrane --> ATPASE-1-CPLX_no_MONOMER0-12
166,ATPSYN-CPLX_EG10106-MONOMER_mod_mg2,best_full_combination,6327.1856243,"{'ATPL_ECOLI': '1', 'ATPZ_ECOLI': '1', 'ATP6_ECOLI': '1', 'ATPD_ECOLI': '1', '3oaa_bio3': '1', '2khk_bio1': '1'}",1.10867022189,"{'b3734': 3, 'b3735': 1, 'b3736': 1, 'b3737': 1, 'b3731': 1, 'b3732': 3, 'b3733': 1, 'b3738': 1, 'b3739': 1}",['Inner_Membrane'],mg2_c + protein_b3731_Inner_Membrane + 3.0 protein_b3732 + protein_b3733 + 3.0 protein_b3734 + protein_b3735 + protein_b3736_Inner_Membrane + protein_b3737_Inner_Membrane + protein_b3738_Inner_Membrane + protein_b3739_Inner_Membrane --> ATPSYN-CPLX_EG10106-MONOMER_mod_mg2 + 0.024305 biomass
167,AROP-MONOMER,full_coverage,999.840064235,{'AROP_ECOLI': 1},1.16389243025,{'b0112': 1},['Inner_Membrane'],protein_b0112_Inner_Membrane --> AROP-MONOMER
168,DCUB-MONOMER,full_coverage,945.956514486,{'DCUB_ECOLI': 1},1.16587474119,{'b4123': 1},['Inner_Membrane'],protein_b4123_Inner_Membrane --> DCUB-MONOMER
169,EG12134-MONOMER,full_coverage,646.800685153,{'RHTA_ECOLI': 1},1.1683893751,{'b0813': 1},['Inner_Membrane'],protein_b0813_Inner_Membrane --> EG12134-MONOMER
170,G6439-MONOMER,full_coverage,116.995857045,{'YBJG_ECOLI': 1},1.15701199131,{'b0841': 1},['Inner_Membrane'],protein_b0841_Inner_Membrane --> G6439-MONOMER
171,CPLX0-1942,best_full_combination,2994.03225846,"{'5sv1_bio1': '1', '2grx_bio2': '1'}",0.946185049465,"{'b0150': 1, 'b3005': 1, 'b3006': 5, 'b1252': 1}",['Trans_Complex_Both'],protein_b0150_Outer_Membrane + protein_b1252_Inner_Membrane + protein_b3005_Inner_Membrane + 5.0 protein_b3006_Inner_Membrane --> CPLX0-1942
172,CPLX0-7843,full_coverage,3420.45188308,{'3kcv_bio2': 1},1.01090954268,{'b0904': 5},['Inner_Membrane'],5.0 protein_b0904_Inner_Membrane --> CPLX0-7843
173,YNFJ-MONOMER,full_coverage,848.65468409,{'CLCB_ECOLI': 1},1.16872551487,{'b1592': 1},['Inner_Membrane'],protein_b1592_Inner_Membrane --> YNFJ-MONOMER
174,NIRC-MONOMER,full_coverage,473.186139762,{'NIRC_ECOLI': 1},1.16695868931,{'b3367': 1},['Inner_Membrane'],protein_b3367_Inner_Membrane --> NIRC-MONOMER
175,FOCB-MONOMER,full_coverage,454.70708344,{'FOCB_ECOLI': 1},1.16400982117,{'b2492': 1},['Inner_Membrane'],protein_b2492_Inner_Membrane --> FOCB-MONOMER
176,XAPB-MONOMER,full_coverage,746.813843743,{'XAPB_ECOLI': 1},1.16140741401,{'b2406': 1},['Inner_Membrane'],protein_b2406_Inner_Membrane --> XAPB-MONOMER
177,DCTA-MONOMER,full_coverage,757.488532807,{'DCTA_ECOLI': 1},1.16782954847,{'b3528': 1},['Inner_Membrane'],protein_b3528_Inner_Membrane --> DCTA-MONOMER
178,METNIQ-METHIONINE-ABC-CPLX,best_full_combination,496.923317328,"{'4yah': '1', 'METI_ECOLI': '1', '3dhx_bio1': '1'}",0.657578213286,"{'b0197': 1, 'b0199': 2, 'b0198': 1}",['Inner_Membrane'],protein_b0197_lipoprotein_Inner_Membrane + protein_b0198_Inner_Membrane + 2.0 protein_b0199 --> METNIQ-METHIONINE-ABC-CPLX
179,YHAU-MONOMER,full_coverage,792.640719617,{'GARP_ECOLI': 1},1.16131787556,{'b3127': 1},['Inner_Membrane'],protein_b3127_Inner_Membrane --> YHAU-MONOMER
180,CPLX0-3932,best_full_combination,3669.56205194,"{'ACRD_ECOLI': '3', '2f1m_bio2': '1', 'ACRA_ECOLI': '1', '2xmn': '1'}",1.06126182259,"{'b2470': 3, 'b0463': 3, 'b3035': 3}",['Trans_Complex_Both'],3.0 protein_b0463_lipoprotein_Inner_Membrane + 3.0 protein_b2470_Inner_Membrane + 3.0 protein_b3035_Outer_Membrane --> CPLX0-3932
181,MELB-MONOMER,full_coverage,907.823771272,{'4m64_bio3': 1},1.16012826646,{'b4120': 1},['Inner_Membrane'],protein_b4120_Inner_Membrane --> MELB-MONOMER
182,CPLX0-7534,full_coverage,3273.10065454,{'4d5u_bio2': 1},1.07620585153,{'b0929': 3},['Outer_Membrane'],3.0 protein_b0929_Outer_Membrane --> CPLX0-7534
183,ABC-59-CPLX,full_combination,4429.85118016,"{'DDPA_ECOLI': '1', 'DDPC_ECOLI': '1', 'DDPB_ECOLI': '1', 'DDPD_ECOLI': '1', 'DDPF_ECOLI': '1'}",1.16139687159,"{'b1484': 1, 'b1485': 1, 'b1486': 1, 'b1487': 1, 'b1483': 1}",['Inner_Membrane'],protein_b1483 + protein_b1484 + protein_b1485_Inner_Membrane + protein_b1486_Inner_Membrane + protein_b1487_Periplasm --> ABC-59-CPLX
184,LspA_MONOMER,full_coverage,251.514938312,{'LSPA_ECOLI': 1},1.16028740808,{'b0027': 1},['Inner_Membrane'],protein_b0027_Inner_Membrane --> LspA_MONOMER
185,DCUA-MONOMER,full_coverage,946.262509013,{'DCUA_ECOLI': 1},1.16873671259,{'b4138': 1},['Inner_Membrane'],protein_b4138_Inner_Membrane --> DCUA-MONOMER
186,ABC-28-CPLX_EG10817-MONOMER,full_combination,1231.51110716,"{'RBSA_ECOLI': '1', 'RBSB_ECOLI': '1', 'RBSC_ECOLI': '2'}",1.16767167359,"{'b3749': 1, 'b3750': 2, 'b3751': 1}",['Inner_Membrane'],protein_b3749 + 2.0 protein_b3750_Inner_Membrane + protein_b3751_Periplasm --> ABC-28-CPLX_EG10817-MONOMER
187,YEAV-MONOMER,full_coverage,1184.94857205,{'YEAV_ECOLI': 1},1.16213716683,{'b1801': 1},['Inner_Membrane'],protein_b1801_Inner_Membrane --> YEAV-MONOMER
188,ABC-5-CPLX,full_coverage,1835.49072601,{'4dbl_bio2': 1},1.13941545374,"{'b0158': 1, 'b1709': 2, 'b1711': 2}",['Inner_Membrane'],protein_b0158_Periplasm + 2.0 protein_b1709 + 2.0 protein_b1711_Inner_Membrane --> ABC-5-CPLX
189,ABC-20-CPLX,full_combination,433.130439982,"{'4dcx_bio2': '1', 'NIKE_ECOLI': '1', 'NIKD_ECOLI': '1', 'NIKC_ECOLI': '1', 'NIKB_ECOLI': '1'}",1.16118876968,"{'b3477': 1, 'b3476': 1, 'b3480': 1, 'b3479': 1, 'b3478': 1}",['Inner_Membrane'],protein_b3476_Periplasm + protein_b3477_Inner_Membrane + protein_b3478_Inner_Membrane + protein_b3479 + protein_b3480 --> ABC-20-CPLX
190,EG11724-MONOMER,full_coverage,1026.09750546,{'PURP_ECOLI': 1},1.16928289857,{'b3714': 1},['Inner_Membrane'],protein_b3714_Inner_Membrane --> EG11724-MONOMER
191,POTE-MONOMER,full_coverage,887.405489575,{'POTE_ECOLI': 1},1.16827869154,{'b0692': 1},['Inner_Membrane'],protein_b0692_Inner_Membrane --> POTE-MONOMER
192,B0070-MONOMER,full_coverage,669.334282801,{'SETA_ECOLI': 1},1.16331969214,{'b0070': 1},['Inner_Membrane'],protein_b0070_Inner_Membrane --> B0070-MONOMER
193,ABC-34-CPLX,full_combination,1760.08753578,"{'UGPA_ECOLI': '1', 'UGPC_ECOLI': '2', 'UGPE_ECOLI': '1', '4aq4_bio1': '1'}",1.14771434979,"{'b3451': 1, 'b3450': 2, 'b3453': 1, 'b3452': 1}",['Inner_Membrane'],2.0 protein_b3450 + protein_b3451_Inner_Membrane + protein_b3452_Inner_Membrane + protein_b3453_Periplasm --> ABC-34-CPLX
194,EG12455-MONOMER,full_coverage,534.916898182,{'LPLT_ECOLI': 1},1.16966517272,{'b2835': 1},['Inner_Membrane'],protein_b2835_Inner_Membrane --> EG12455-MONOMER
195,NITRATREDUCTA-CPLX_mod_bmocogdp_mod_3fe4s_mod_4fe4s,full_combination,382.489007273,"{'NARH_ECOLI': '1', 'NARI_ECOLI': '1', 'NARG_ECOLI': '1'}",1.15807786516,"{'b1224': 1, 'b1225': 1, 'b1227': 1}",['Inner_Membrane'],2.0 4fe4s_c + 4.27350427350427e-6*mu NARJ-MONOMER + bmocogdp_c + 8.54700854700855e-6*mu generic_4fe4s_transfer_complex + protein_b1224 + protein_b1225 + protein_b1227_Inner_Membrane --> NITRATREDUCTA-CPLX_mod_bmocogdp_mod_3fe4s_mod_4fe4s + 2.232425204 biomass + fe2_c
196,GNTU-MONOMER,full_coverage,1002.34653544,{'GNTU_ECOLI': 1},1.17140824515,{'b4476': 1},['Inner_Membrane'],protein_b4476_Inner_Membrane --> GNTU-MONOMER
197,KDGT-MONOMER,full_coverage,631.202218865,{'KDGT_ECOLI': 1},1.17294045931,{'b3909': 1},['Inner_Membrane'],protein_b3909_Inner_Membrane --> KDGT-MONOMER
198,DIACYLGLYKIN-CPLX_mod_cd2_mod_zn2_mod_mg2_mod_mn2_mod_cobalt2,full_coverage,530.822680715,{'4brb_bio2': 1},1.0685797607,{'b4042': 3},['Inner_Membrane'],cd2_c + cobalt2_c + mg2_c + mn2_c + 3.0 protein_b4042_Inner_Membrane + zn2_c --> DIACYLGLYKIN-CPLX_mod_cd2_mod_zn2_mod_mg2_mod_mn2_mod_cobalt2 + 0.315996249 biomass
199,NUPG-MONOMER,full_coverage,794.716138354,{'NUPG_ECOLI': 1},1.16050559763,{'b2964': 1},['Inner_Membrane'],protein_b2964_Inner_Membrane --> NUPG-MONOMER
200,XYLE-MONOMER,full_coverage,809.636616081,{'4gc0_bio1': 1},1.12433254122,{'b4031': 1},['Inner_Membrane'],protein_b4031_Inner_Membrane --> XYLE-MONOMER
201,YRBG-MONOMER,full_coverage,567.490001426,{'YRBG_ECOLI': 1},1.16677071771,{'b3196': 1},['Inner_Membrane'],protein_b3196_Inner_Membrane --> YRBG-MONOMER
202,CPLX0-1581,full_combination,799.830640788,{'1mm4': '2'},0.961932129737,{'b0622': 2},['Outer_Membrane'],2.0 protein_b0622_Outer_Membrane --> CPLX0-1581
203,CPLX-63,full_combination,299.607793471,"{'TORY_ECOLI': '1', 'TORZ_ECOLI': '1'}",1.16233676658,"{'b1873': 1, 'b1872': 1}",['Inner_Membrane'],protein_b1872_Periplasm + protein_b1873_Inner_Membrane --> CPLX-63
204,EG11035-MONOMER,full_coverage,657.764641485,{'1tlz_bio2': 1},1.15625665407,{'b0411': 1},['Outer_Membrane'],protein_b0411_Outer_Membrane --> EG11035-MONOMER
205,ABC-2-CPLX,full_combination,1631.0353436,"{'ARAG_ECOLI': '2', '5abp': '1', 'ARAH_ECOLI': '2'}",1.15255594942,"{'b1901': 1, 'b1900': 2, 'b4460': 2}",['Inner_Membrane'],2.0 protein_b1900 + protein_b1901_Periplasm + 2.0 protein_b4460_Inner_Membrane --> ABC-2-CPLX
206,B1006-MONOMER,full_coverage,1284.45112873,{'RUTG_ECOLI': 1},1.17296274023,{'b1006': 1},['Inner_Membrane'],protein_b1006_Inner_Membrane --> B1006-MONOMER
207,HEMEOSYN-MONOMER_mod_ca2,full_coverage,626.740843866,{'CYOE_ECOLI': 1},1.1630947434,{'b0428': 1},['Inner_Membrane'],ca2_c + protein_b0428_Inner_Membrane --> HEMEOSYN-MONOMER_mod_ca2 + 0.040078 biomass
208,B2170-MONOMER,full_coverage,842.00217213,{'SETB_ECOLI': 1},1.16359101246,{'b2170': 1},['Inner_Membrane'],protein_b2170_Inner_Membrane --> B2170-MONOMER
209,YIDT-MONOMER,full_coverage,784.825959496,{'DGOT_ECOLI': 1},1.16256620493,{'b3691': 1},['Inner_Membrane'],protein_b3691_Inner_Membrane --> YIDT-MONOMER
210,CPLX0-3970,full_combination,2253.24662359,"{'OPPD_ECOLI': '1', 'OPPF_ECOLI': '1', '3o9p': '1', 'OPPB_ECOLI': '1', 'OPPC_ECOLI': '1'}",1.16117173229,"{'b1246': 1, 'b1247': 1, 'b1244': 1, 'b1245': 1, 'b1329': 1}",['Inner_Membrane'],protein_b1244_Inner_Membrane + protein_b1245_Inner_Membrane + protein_b1246 + protein_b1247 + protein_b1329_Periplasm --> CPLX0-3970
211,CPLX0-7533,full_coverage,3302.45325121,{'2j1n': 1},1.10211569241,{'b2215': 3},['Outer_Membrane'],3.0 protein_b2215_Outer_Membrane --> CPLX0-7533
212,CPLX0-7532,full_coverage,2955.15191163,{'2nuu_bio2': 1},1.4469099091,{'b0451': 3},['Inner_Membrane'],3.0 protein_b0451_Inner_Membrane --> CPLX0-7532
213,CPLX0-7530,full_combination,2657.58800712,{'1pho_bio1': '3'},1.09772660325,{'b0241': 3},['Outer_Membrane'],3.0 protein_b0241_Outer_Membrane --> CPLX0-7530
214,CPLX0-7535,full_coverage,2569.09715592,{'3ob6_bio1': 1},1.13952531126,{'b4115': 2},['Inner_Membrane'],2.0 protein_b4115_Inner_Membrane --> CPLX0-7535
215,YGJE-MONOMER,full_coverage,814.360480431,{'TTDT_ECOLI': 1},1.16403199167,{'b3063': 1},['Inner_Membrane'],protein_b3063_Inner_Membrane --> YGJE-MONOMER
216,ABC-4-CPLX,full_combination,757.993117454,"{'ARTM_ECOLI': '1', 'ARTP_ECOLI': '2', 'ARTI_ECOLI': '1', 'ARTJ_ECOLI': '1', 'ARTQ_ECOLI': '1'}",1.16011109916,"{'b0864': 2, 'b0861': 1, 'b0860': 1, 'b0863': 1, 'b0862': 1}",['Inner_Membrane'],protein_b0860_Periplasm + protein_b0861_Inner_Membrane + protein_b0862_Inner_Membrane + protein_b0863_Periplasm + 2.0 protein_b0864 --> ABC-4-CPLX
217,YDGEF-CPLX,full_combination,151.153767061,"{'MDTJ_ECOLI': '1', 'MDTI_ECOLI': '1'}",1.16370601056,"{'b1600': 1, 'b1599': 1}",['Inner_Membrane'],protein_b1599_Inner_Membrane + protein_b1600_Inner_Membrane --> YDGEF-CPLX
218,CPLX-168,manual_combination,1821.91453437,{'PTTBC_ECOLI': 2},,"{'b2416': 2, 'b2417': 1, 'b2415': 1, 'b4240': 2}",['Inner_Membrane'],protein_b2415 + 2.0 protein_b2416 + protein_b2417 + 2.0 protein_b4240_Inner_Membrane --> CPLX-168
219,CPLX-169,manual_combination,124.131864151,{'PTHC_ECOLI': 1},,"{'b2416': 1, 'b2704': 1, 'b2415': 1, 'b2702': 1, 'b2703': 1}",['Inner_Membrane'],protein_b2415 + protein_b2416 + protein_b2702_Inner_Membrane + protein_b2703_Inner_Membrane + protein_b2704 --> CPLX-169
220,CPLX0-7,manual_combination,1161.8096008,{'PTYBC_ECOLI': 1},,"{'b2416': 1, 'b2417': 1, 'b2429': 1, 'b2415': 1}",['Inner_Membrane'],protein_b2415 + protein_b2416 + protein_b2417 + protein_b2429_Inner_Membrane --> CPLX0-7
221,CPLX-165,manual_combination,1159.02331323,{'PTND_ECOLI': 2},,"{'b1817': 2, 'b2416': 2, 'b2415': 1, 'b1819': 2, 'b1818': 1}",['Inner_Membrane'],protein_b1817 + 2.0 protein_b1818_Inner_Membrane + protein_b1819_Inner_Membrane + protein_b2415 + 2.0 protein_b2416 --> CPLX-165
222,CPLX-163,manual_combination,2899.84955014,{'HRSA_ECOLI': 2},,"{'b0731': 2, 'b2416': 2, 'b2415': 1}",['Inner_Membrane'],2.0 protein_b0731_Inner_Membrane + protein_b2415 + 2.0 protein_b2416 --> CPLX-163
223,CPLX-164,manual_combination,3212.92879554,{'PTOCB_ECOLI': 2},,"{'b2416': 2, 'b2417': 1, 'b2415': 1, 'b1621': 2}",['Inner_Membrane'],2.0 protein_b1621_Inner_Membrane + protein_b2415 + 2.0 protein_b2416 + protein_b2417 --> CPLX-164
224,CPLX-153,manual_combination,3005.51983944,{'PTIBC_ECOLI': 2},,"{'b2416': 2, 'b2715': 2, 'b2415': 1}",['Inner_Membrane'],protein_b2415 + 2.0 protein_b2416 + 2.0 protein_b2715_Inner_Membrane --> CPLX-153
225,CPLX-158,manual_combination,3270.97102076,{'PTFBC_ECOLI': 2},,"{'b2416': 2, 'b2167': 2, 'b2169': 1}",['Inner_Membrane'],2.0 protein_b2167_Inner_Membrane + protein_b2169 + protein_b2415 + 2.0 protein_b2416 --> CPLX-158
226,CPLX-157,manual_combination,2760.94761896,{'PTGCB_ECOLI': 2},,"{'b1101': 2, 'b2417': 1, 'b2415': 1, 'b2416': 2}",['Inner_Membrane'],2.0 protein_b1101_Inner_Membrane + protein_b2415 + 2.0 protein_b2416 + protein_b2417 --> CPLX-157
227,HYDROG3-CPLX_mod_ni2,manual_combination,1163.95146966,{'HYCD_ECOLI': 1},,"{'b2724': 1, 'b2719': 1, 'b2720': 1, 'b2721': 1, 'b2722': 1, 'b2723': 1}",['Inner_Membrane'],ni2_c + protein_b2719 + protein_b2720 + protein_b2721 + protein_b2722_Inner_Membrane + protein_b2723_Inner_Membrane + protein_b2724 --> HYDROG3-CPLX_mod_ni2 + 0.0586934 biomass
228,FHLMULTI-CPLX,manual_combination,1163.95146966,{'HYCD_ECOLI': 1},,"{'b4079': 1, 'b2724': 1, 'b2719': 1, 'b2720': 1, 'b2721': 1, 'b2722': 1, 'b2723': 1}",['Inner_Membrane'],protein_b2719 + protein_b2720 + protein_b2721 + protein_b2722_Inner_Membrane + protein_b2723_Inner_Membrane + protein_b2724 + protein_b4079 --> FHLMULTI-CPLX
229,MnmEG_cplx_mod_fad_mod_2:k,manual_combination,217.275607498,{'MNME_ECOLI': 2},,"{'b3741': 2, 'b3706': 2}",['Inner_Membrane_Guess'],fad_c + 2.0 k_c + 2.0 protein_b3706 + 2.0 protein_b3741 --> MnmEG_cplx_mod_fad_mod_2:k + 0.861730462 biomass
230,CPLX0-2081,manual_combination,291.159177582,{'DHAM_ECOLI': 2},,"{'b1200': 2, 'b1199': 1, 'b1198': 2}",['Inner_Membrane_Guess'],2.0 protein_b1198 + protein_b1199 + 2.0 protein_b1200 --> CPLX0-2081
231,CPLX0-250_FORMATEDEHYDROGH-MONOMER_mod_8:4fe4s_mod_2:2fe2s_mod_bmocogdp_mod_NiFeCoCN2,manual_combination,903.551488937,{'HYFC_ECOLI': 1},,"{'b2490': 1, 'b2488': 1, 'b2485': 1, 'b2484': 1, 'b2487': 1, 'b4079': 1, 'b2481': 1, 'b2486': 1, 'b2482': 1, 'b2489': 1, 'b2483': 1}",['Inner_Membrane'],2.0 2fe2s_c + 8.0 4fe4s_c + 4.0 atp_c + bmocogdp_c + 2.0 cbp_c + co2_c + fe2_c + 8.54700854700855e-6*mu generic_2fe2s_transfer_complex + 3.41880341880342e-5*mu generic_4fe4s_transfer_complex + h2o_c + 2.0 nadh_c + ni2_c + protein_b2481 + protein_b2482_Inner_Membrane + protein_b2483_Inner_Membrane + protein_b2484_Inner_Membrane + protein_b2485_Inner_Membrane + protein_b2486_Inner_Membrane + protein_b2487 + protein_b2488 + protein_b2489 + protein_b2490 + protein_b4079 --> CPLX0-250_FORMATEDEHYDROGH-MONOMER_mod_8:4fe4s_mod_2:2fe2s_mod_bmocogdp_mod_NiFeCoCN2 + 2.0 adp_c + 2.0 amp_c + 4.944333504 biomass + 2.0 h_c + 2.0 nad_c + 4.0 pi_c + 2.0 ppi_c
